hamsterName,date,mph,rpm,runTimeSeconds,totalInches,totalRevolutions,activityCount
cutie,12/8/19,1.06,58,1451,30849,1582,209
fluff,12/8/19,1.68,85,5202,190365,9065,369
sprinkles,12/8/19,1.05,74,4147,66765,4451,381
cutie,12/9/19,1.48,80,519,15873,814,60
fluff,12/9/19,1.63,82,13557,538503,25643,785
sprinkles,12/9/19,0.96,68,1836,32910,2194,141
cutie,12/10/19,1.45,78,179,5518,283,24
fluff,12/10/19,1.75,88,3546,130893,6233,364
sprinkles,12/10/19,1.08,76,2544,47970,3198,183
cutie,12/11/19,1.81,98,2840,104890,5379,323
fluff,12/11/19,1.52,76,15718,632877,30137,821
sprinkles,12/11/19,1,71,1897,35205,2347,143
cutie,12/12/19,1.24,67,1028,27105,1390,166
fluff,12/12/19,1.58,79,1601,56028,2668,139
sprinkles,12/12/19,1.09,77,4111,84570,5638,301
cutie,12/13/19,1.76,87,8614,275024,12793,646
fluff,12/13/19,2.03,100,2665,111478,5185,349
sprinkles,12/13/19,0.78,55,4759,75255,5017,444
cutie,12/14/19,1.9,93,11288,386871,17994,773
fluff,12/14/19,2,98,4789,206228,9592,570
sprinkles,12/14/19,0.96,68,5880,105675,7045,395
cutie,12/15/19,2.13,105,16015,579962,26975,841
fluff,12/15/19,1.98,97,5959,257634,11983,590
sprinkles,12/15/19,1.15,81,6633,140355,9357,401
cutie,12/16/19,1.76,87,18788,598066,27817,1063
fluff,12/16/19,1.9,93,6028,239574,11143,545
sprinkles,12/16/19,0.99,70,6476,122010,8134,468
cutie,12/17/19,1.71,84,2328,74476,3464,226
fluff,12/17/19,1.89,93,3315,130570,6073,396
sprinkles,12/17/19,1.1,77,10746,197910,13194,595
cutie,12/18/19,2.04,100,2358,83184,3869,209
fluff,12/18/19,1.94,95,1718,69724,3243,190
sprinkles,12/18/19,0.77,54,6099,95925,6395,779
cutie,12/19/19,1.68,82,7318,242326,11271,827
fluff,12/19/19,1.91,94,2504,97180,4520,167
sprinkles,12/19/19,1.78,125,8165,131115,8741,1576
cutie,12/20/19,1.35,66,1616,43580,2027,227
fluff,12/20/19,1.4,69,43,1247,58,8
sprinkles,12/20/19,1.72,121,4683,78300,5220,672
cutie,12/21/19,1.09,53,3878,97524,4536,524
fluff,12/21/19,1.61,79,2226,77099,3586,210
sprinkles,12/21/19,0.58,41,1008,14250,950,137
cutie,12/22/19,1.53,75,11714,326564,15189,867
fluff,12/22/19,1.89,93,8623,330713,15382,461
sprinkles,12/22/19,0.56,39,1005,15585,1039,233
fluff,12/23/19,2.06,101,13598,561816,26131,641
sprinkles,12/23/19,0.5,35,487,6570,438,92
cutie,12/24/19,1.25,62,2,108,5,2
fluff,12/24/19,2.23,109,13193,580736,27011,495
sprinkles,12/24/19,0.66,46,1505,22425,1495,176
fluff,12/25/19,2.14,105,7760,346128,16099,310
sprinkles,12/25/19,0.68,48,1670,25740,1716,167
cutie,12/26/19,1.54,76,1576,45816,2131,182
fluff,12/26/19,1.99,98,17847,772430,35927,1459
sprinkles,12/26/19,0.64,45,1044,16290,1086,155
cutie,12/27/19,1.81,89,10648,341700,15893,633
fluff,12/27/19,1.84,91,19253,879630,40913,926
sprinkles,12/27/19,0.64,45,1030,15960,1064,182
cutie,12/28/19,2.22,109,12778,489576,22771,904
fluff,12/28/19,2.12,104,16071,723002,33628,1352
sprinkles,12/28/19,0.76,54,2961,49470,3298,360
cutie,12/29/19,2.58,127,8728,370122,17215,1456
fluff,12/29/19,1.64,81,20124,732656,34077,1048
sprinkles,12/29/19,0.58,41,2283,32310,2154,378
cutie,12/30/19,2.3,113,5986,225040,10467,929
fluff,12/30/19,1.75,86,15731,671875,31250,702
sprinkles,12/30/19,1.09,77,2797,64569,4302,325
cutie,12/31/19,2.3,113,7415,269846,12551,998
fluff,12/31/19,1.84,91,22107,949418,44159,1018
sprinkles,12/31/19,1.15,57,12311,287390,13367,1169
cutie,1/1/20,2.27,111,6242,230351,10714,796
fluff,1/1/20,1.87,92,23502,935100,43493,1390
sprinkles,1/1/20,0.71,35,4115,64199,2986,294
cutie,1/2/20,2.46,121,6078,243208,11312,810
fluff,1/2/20,1.8,89,27581,1154722,53708,1146
sprinkles,1/2/20,1.42,70,14688,405468,18859,1243
cutie,1/3/20,1.21,59,4,108,5,1
fluff,1/3/20,1.74,85,16943,706856,32877,637
sprinkles,1/3/20,2.26,111,14553,602624,28029,1174
cutie,1/4/20,1.25,61,9,258,12,1
fluff,1/4/20,1.93,95,13087,554356,25784,616
sprinkles,1/4/20,1.94,95,12894,479042,22281,1558
cutie,1/5/20,1.32,65,14,473,22,4
fluff,1/5/20,2.08,102,13417,575404,26763,678
sprinkles,1/5/20,2.17,107,15532,656502,30535,1542
cutie,1/6/20,1.09,53,26,580,27,6
fluff,1/6/20,1.97,97,13133,520106,24191,467
sprinkles,1/6/20,1.94,95,14266,516430,24020,1675
cutie,1/7/20,2.56,126,2972,136783,6362,343
fluff,1/7/20,2.16,106,11739,527610,24540,427
sprinkles,1/7/20,1.81,89,9716,319340,14853,1005
cutie,1/8/20,2.38,117,6077,258731,12034,682
fluff,1/8/20,2.08,102,8878,394611,18354,378
sprinkles,1/8/20,2.02,99,7034,266492,12395,771
cutie,1/9/20,2.33,114,10463,442169,20566,834
fluff,1/9/20,2.07,102,10740,458058,21305,405
sprinkles,1/9/20,2.18,107,10883,440814,20503,1491
cutie,1/10/20,2.19,108,10502,451156,20984,518
fluff,1/10/20,2.08,102,8626,365887,17018,415
sprinkles,1/10/20,2.12,104,12841,545541,25374,1311
cutie,1/11/20,1.93,95,8492,320758,14919,412
fluff,1/11/20,1.9,93,7857,297022,13815,398
sprinkles,1/11/20,1.86,91,9717,332218,15452,1342
cutie,1/12/20,2.15,106,3620,154714,7196,204
fluff,1/12/20,1.83,90,3551,129882,6041,221
sprinkles,1/12/20,1.99,98,9159,372337,17318,870
cutie,1/13/20,2.07,102,4762,196746,9151,567
fluff,1/13/20,1.56,77,7322,215817,10038,1019
sprinkles,1/13/20,1.78,87,7663,246068,11445,1266
cutie,1/14/20,2.11,104,9298,388956,18091,819
fluff,1/14/20,1.6,79,8860,280812,13061,845
sprinkles,1/14/20,1.86,91,6285,202616,9424,744
cutie,1/15/20,2.11,104,7658,310933,14462,669
fluff,1/15/20,1.37,67,5546,145641,6774,635
sprinkles,1/15/20,2.03,100,8112,301430,14020,949
cutie,1/16/20,2.26,111,7605,303688,14125,916
fluff,1/16/20,1.46,72,2533,70068,3259,320
sprinkles,1/16/20,0.89,44,123,2300,107,34
cutie,1/17/20,2.27,111,9736,432730,20127,667
fluff,1/17/20,1.75,86,8806,270964,12603,1083
sprinkles,1/17/20,1.19,59,3975,97352,4528,791
cutie,1/18/20,2.49,122,5928,277156,12891,867
fluff,1/18/20,2.02,99,12043,430559,20026,947
sprinkles,1/18/20,1.47,72,7259,202659,9426,884
cutie,1/19/20,1.62,79,10438,347290,16153,968
fluff,1/19/20,1.4,69,8475,212140,9867,649
sprinkles,1/19/20,1.87,92,5542,203196,9451,625
cutie,1/20/20,1.51,74,5194,145748,6779,592
fluff,1/20/20,1.19,59,833,20425,950,163
sprinkles,1/20/20,0.99,49,1398,27864,1296,328
cutie,1/21/20,1.75,86,6088,200036,9304,565
fluff,1/21/20,1.47,72,4143,109886,5111,442
sprinkles,1/21/20,1.32,65,7207,183567,8538,998
cutie,1/22/20,1.7,84,9952,329058,15305,739
fluff,1/22/20,1.25,61,1927,44978,2092,262
sprinkles,1/22/20,1.11,55,3791,83872,3901,925
cutie,1/23/20,1.67,82,10413,332282,15455,862
fluff,1/23/20,1.34,66,2210,54997,2558,235
sprinkles,1/23/20,1.33,65,6875,174344,8109,1033
cutie,1/24/20,1.46,72,11567,311040,14467,1176
fluff,1/24/20,0.63,31,78,1440,67,36
sprinkles,1/24/20,1.52,75,7023,194403,9042,1126
cutie,1/25/20,2.03,100,3752,153402,7135,485
fluff,1/25/20,1.82,89,5173,166969,7766,948
sprinkles,1/25/20,2.33,114,7377,274082,12748,923
cutie,1/26/20,1.6,79,6808,211710,9847,792
fluff,1/26/20,1.82,89,12942,451629,21006,1124
sprinkles,1/26/20,2.23,109,10083,389644,18123,1437
cutie,1/27/20,1.69,83,7642,253206,11777,993
fluff,1/27/20,1.34,66,1163,31154,1449,171
sprinkles,1/27/20,2.07,102,10599,397342,18481,1362
cutie,1/28/20,1.31,64,7938,200122,9308,993
fluff,1/28/20,1.74,86,4507,152736,7104,580
sprinkles,1/28/20,1.85,91,9887,329208,15312,1553
cutie,1/29/20,1.7,84,4310,142094,6609,622
fluff,1/29/20,1.55,76,1479,45516,2117,191
sprinkles,1/29/20,1.87,92,5461,170258,7919,1039
cutie,1/30/20,1.45,71,4313,121454,5649,689
fluff,1/30/20,1.4,69,1752,48977,2278,257
sprinkles,1/30/20,2.04,100,9498,340066,15817,1621
cutie,1/31/20,1.6,78,4037,125840,5853,536
fluff,1/31/20,1.67,82,1711,52826,2457,177
sprinkles,1/31/20,1.67,82,6392,203412,9461,997
cutie,2/1/20,1.81,89,5969,200079,9306,567
fluff,2/1/20,1.6,78,4090,125904,5856,503
sprinkles,2/1/20,1.9,94,7797,270427,12578,1124
cutie,2/2/20,2.12,104,2623,111198,5172,259
fluff,2/2/20,1.48,73,3742,107414,4996,352
sprinkles,2/2/20,1.81,89,7623,220977,10278,1246
cutie,2/3/20,1.84,90,5831,214720,9987,606
fluff,2/3/20,1.34,66,3134,79528,3699,674
sprinkles,2/3/20,2.16,106,8740,320414,14903,1399
cutie,2/4/20,1.7,84,7494,258494,12023,699
fluff,2/4/20,1.06,52,639,13330,620,121
sprinkles,2/4/20,2.33,114,7134,299237,13918,962
cutie,2/5/20,1.76,87,2872,105264,4896,293
fluff,2/5/20,1.24,61,1326,32680,1520,228
sprinkles,2/5/20,2.11,104,7324,261376,12157,1301
cutie,2/6/20,1.56,77,7345,230437,10718,715
fluff,2/6/20,1.44,71,2289,66198,3079,461
sprinkles,2/6/20,1.55,76,5614,168474,7836,852
cutie,2/7/20,2.06,101,3265,140804,6549,289
fluff,2/7/20,1.37,67,3103,84344,3923,533
sprinkles,2/7/20,1.97,97,5567,202057,9398,741
cutie,2/8/20,1.22,60,4194,100491,4674,562
fluff,2/8/20,1.68,82,11462,351740,16360,1026
sprinkles,2/8/20,2.17,107,5230,194510,9047,631
cutie,2/9/20,1.19,58,949,22682,1055,153
fluff,2/9/20,1.72,84,6031,186663,8682,671
sprinkles,2/9/20,2.23,110,7560,288487,13418,869
cutie,2/10/20,1.88,93,7232,278360,12947,647
fluff,2/10/20,1.74,86,6567,211754,9849,573
sprinkles,2/10/20,2.16,106,5873,230630,10727,761
cutie,2/11/20,1.5,73,4583,131946,6137,445
fluff,2/11/20,1.71,84,3458,114530,5327,339
sprinkles,2/11/20,1.86,91,7240,242778,11292,1050
cutie,2/12/20,1.62,80,6594,207840,9667,640
fluff,2/12/20,1.94,96,7989,277888,12925,541
sprinkles,2/12/20,2.26,111,8640,349698,16265,900
cutie,2/13/20,1.51,74,8752,244692,11381,767
fluff,2/13/20,1.88,92,8607,299990,13953,580
sprinkles,2/13/20,1.82,89,8288,253829,11806,1277
cutie,2/14/20,1.88,93,6660,238822,11108,538
fluff,2/14/20,1.69,83,10118,335830,15620,594
sprinkles,2/14/20,2.08,102,7980,295109,13726,985
cutie,2/15/20,1.45,71,2321,64220,2987,281
fluff,2/15/20,1.65,81,1390,41108,1912,177
sprinkles,2/15/20,1.92,94,7535,277328,12899,786
cutie,2/16/20,1.48,73,893,26703,1242,152
fluff,2/16/20,1.3,64,1492,38722,1801,176
sprinkles,2/16/20,1.44,71,4701,131128,6099,775
cutie,2/17/20,1.8,88,572,21156,984,76
fluff,2/17/20,0.86,42,192,3720,173,78
sprinkles,2/17/20,2.12,104,9453,336754,15663,1402
cutie,2/18/20,1.72,85,3917,134870,6273,613
fluff,2/18/20,1.47,72,3878,107736,5011,757
sprinkles,2/18/20,2.04,100,10209,350686,16311,2028
cutie,2/19/20,1.57,77,2230,70993,3302,274
fluff,2/19/20,1.59,78,4814,147426,6857,626
sprinkles,2/19/20,2.53,124,10478,473624,22029,723
cutie,2/20/20,1.75,86,1453,51041,2374,190
fluff,2/20/20,1.7,83,6483,204960,9533,651
sprinkles,2/20/20,2.53,124,10496,486180,22613,838
cutie,2/21/20,1.6,79,1203,39087,1818,153
fluff,2/21/20,1.58,78,3358,95503,4442,502
sprinkles,2/21/20,2.5,123,10359,474010,22047,1129
cutie,2/22/20,1.15,56,1093,25671,1194,142
fluff,2/22/20,0.76,37,75,1268,59,25
sprinkles,2/22/20,2.16,106,7637,276340,12853,1120
cutie,2/23/20,1.62,79,7643,230330,10713,867
fluff,2/23/20,1.65,81,5911,172301,8014,687
sprinkles,2/23/20,1.91,94,8076,270448,12579,1439
cutie,2/24/20,2.4,118,194,9610,447,46
fluff,2/24/20,0.72,35,11,172,8,6
sprinkles,2/24/20,1.88,93,8181,272168,12659,1107
cutie,2/25/20,2.21,108,421,20146,937,54
fluff,2/25/20,1.34,66,1360,31798,1479,337
sprinkles,2/25/20,2.39,117,7955,341442,15881,669
cutie,2/26/20,1.84,91,593,21156,984,72
fluff,2/26/20,1.35,66,2215,54395,2530,418
sprinkles,2/26/20,2.52,124,10519,496414,23089,821
cutie,2/27/20,2.17,107,963,42462,1975,82
fluff,2/27/20,1.47,72,2158,51450,2393,400
sprinkles,2/27/20,2.27,112,8600,357868,16645,792
cutie,2/28/20,2.27,111,211,10040,467,27
fluff,2/28/20,1.58,78,2545,75164,3496,716
sprinkles,2/28/20,2,98,14246,481278,22385,2901
cutie,2/29/20,2.5,123,323,16620,773,33
fluff,2/29/20,1.72,84,2654,77078,3585,471
sprinkles,2/29/20,1.51,74,3002,85785,3990,586
cutie,3/1/20,2.18,107,231,11094,516,29
fluff,3/1/20,2,98,248,8514,396,68
sprinkles,3/1/20,1.86,91,8981,330928,15392,933
cutie,3/2/20,2.76,135,452,23349,1086,42
fluff,3/2/20,1.28,63,1493,38850,1807,442
sprinkles,3/2/20,2.68,132,12805,660932,30741,805
cutie,3/3/20,2.23,110,3864,153574,7143,521
fluff,3/3/20,1.62,79,8474,246089,11446,1649
sprinkles,3/3/20,2.57,126,8729,397514,18489,1002
cutie,3/4/20,2.43,120,4421,190598,8865,650
fluff,3/4/20,1.95,96,9838,340624,15843,1286
sprinkles,3/4/20,2.55,125,9149,432021,20094,939
cutie,3/5/20,2.13,104,2526,93955,4370,377
fluff,3/5/20,1.82,89,8615,259742,12081,971
sprinkles,3/5/20,2.31,113,9921,460078,21399,957
cutie,3/6/20,2.08,102,979,38980,1813,131
fluff,3/6/20,1.78,88,7396,208700,9707,731
sprinkles,3/6/20,2,98,11640,382614,17796,2119
cutie,3/7/20,2.01,99,4206,154800,7200,480
fluff,3/7/20,1.77,87,4978,141836,6597,417
sprinkles,3/7/20,2.03,100,9036,307321,14294,1397
cutie,3/8/20,2.23,109,1277,55212,2568,164
fluff,3/8/20,1.75,86,11212,317770,14780,832
sprinkles,3/8/20,2.28,112,11268,448296,20851,1065
sprinkles,3/9/20,2.78,137,10390,531244,24709,606
sprinkles,3/10/20,2.46,121,5918,273695,12730,547
sprinkles,3/11/20,2.26,111,4237,166281,7734,589
sprinkles,3/12/20,2.04,100,6231,218913,10182,1556
sprinkles,3/13/20,2.6,128,9605,407425,18950,979
sprinkles,3/14/20,2.58,127,6145,280468,13045,577
sprinkles,3/15/20,2.47,121,9458,435224,20243,876
sprinkles,3/16/20,2.38,117,6139,247078,11492,714
sprinkles,3/17/20,2.44,120,9794,413596,19237,1025
sprinkles,3/18/20,2.45,120,7081,310654,14449,718
sprinkles,3/19/20,2.46,121,7805,341656,15891,898
sprinkles,3/20/20,2.28,112,3643,153274,7129,549
sprinkles,3/21/20,2.41,118,6068,250926,11671,911
sprinkles,3/22/20,2.58,127,9454,450618,20959,996
sprinkles,3/23/20,2.32,114,7647,293733,13662,1692
sprinkles,3/24/20,2.21,108,6579,246175,11450,1434
sprinkles,3/25/20,2.14,105,8340,294486,13697,1739
sprinkles,3/26/20,2.28,112,4054,160584,7469,514
sprinkles,3/27/20,2.4,118,4619,196790,9153,463
sprinkles,3/28/20,2.67,131,5014,233038,10839,419
sprinkles,3/29/20,2.71,133,4117,205862,9575,276
sprinkles,3/30/20,2.42,119,8577,382378,17785,1099
sprinkles,3/31/20,2.34,115,4385,189222,8801,538
sprinkles,4/3/20,1.88,92,26,924,43,11
sprinkles,4/5/20,2.04,100,88,2946,137,29
sprinkles,4/6/20,2.2,108,8130,304118,14145,1480
sprinkles,4/7/20,0,0,0,0,0,1
sprinkles,4/8/20,2.17,106,2940,109328,5085,308
sprinkles,4/9/20,2.48,122,5484,235941,10974,426
sprinkles,4/10/20,2.34,115,7699,358082,16655,699
sprinkles,4/11/20,2.54,125,9129,439610,20447,650
sprinkles,4/12/20,2.32,114,7638,362210,16847,627
sprinkles,4/13/20,2.22,109,7172,271352,12621,1280
sprinkles,4/14/20,1.96,96,5130,173677,8078,882
sprinkles,4/15/20,2.09,103,4152,149081,6934,422
sprinkles,4/16/20,2.28,112,6879,277500,12907,539
sprinkles,4/17/20,2.56,126,6733,318522,14815,518
sprinkles,4/18/20,2,98,6610,247938,11532,814
sprinkles,4/19/20,2.33,115,8370,353868,16459,793
sprinkles,4/20/20,2.21,108,8796,326864,15203,1562
sprinkles,4/21/20,2.02,99,5147,178514,8303,632
sprinkles,4/22/20,2.37,116,8618,350665,16310,855
sprinkles,4/23/20,2.33,115,5959,250798,11665,591
sprinkles,4/24/20,2.35,115,6254,281091,13074,429
sprinkles,4/25/20,2.65,130,8018,395815,18410,582
sprinkles,4/26/20,2.16,106,6156,244132,11355,587
sprinkles,4/27/20,2.18,107,9786,337958,15719,1798
sprinkles,4/28/20,2.12,104,6127,222890,10367,832
sprinkles,4/29/20,2.39,118,5516,226288,10525,464
sprinkles,4/30/20,2.44,120,6781,296894,13809,585
sprinkles,5/1/20,2.38,117,4893,222632,10355,416
sprinkles,5/2/20,2.61,128,6019,300398,13972,547
sprinkles,5/3/20,2.38,117,6164,283155,13170,594
sprinkles,5/5/20,1.77,87,7276,222460,10347,1494
sprinkles,5/6/20,1.64,81,2132,63704,2963,282
sprinkles,5/7/20,1.96,96,7059,239725,11150,945
sprinkles,5/8/20,1.72,85,2053,67876,3157,343
sprinkles,5/9/20,1.69,83,4129,103200,4800,679
sprinkles,5/10/20,0.87,43,9,150,7,4
sprinkles,5/11/20,1.05,52,295,6278,292,134
sprinkles,5/12/20,1.09,54,177,3848,179,77
cutie,5/13/20,1.73,85,7157,216634,10076,607
fluff,5/13/20,1.19,58,2223,56717,2638,661
sprinkles,5/13/20,1.42,70,3811,89354,4156,1102
cutie,5/14/20,1.42,70,6946,172688,8032,636
fluff,5/14/20,1.23,60,916,23328,1085,227
sprinkles,5/14/20,1.4,69,1791,43882,2041,377
cutie,5/15/20,1.47,72,4032,105544,4909,425
fluff,5/15/20,1.28,63,2531,66542,3095,602
sprinkles,5/15/20,2.02,99,3762,128441,5974,535
cutie,5/16/20,1.58,78,4842,135837,6318,313
fluff,5/16/20,1.26,62,648,16834,783,154
sprinkles,5/16/20,1.09,53,1327,27520,1280,524
cutie,5/17/20,1.5,74,5299,145276,6757,282
fluff,5/17/20,1.35,66,2530,68026,3164,516
sprinkles,5/17/20,1.1,54,2310,48590,2260,942
cutie,5/18/20,1.45,71,3747,98922,4601,446
fluff,5/18/20,1.34,66,3599,102404,4763,1146
sprinkles,5/18/20,1.4,69,2865,71918,3345,763
cutie,5/19/20,1.62,79,1257,38120,1773,127
fluff,5/19/20,1.29,63,2214,60996,2837,438
sprinkles,5/19/20,1.97,97,5051,179976,8371,538
cutie,5/20/20,1.55,76,6645,175548,8165,581
fluff,5/20/20,1.38,68,2411,66521,3094,586
sprinkles,5/20/20,2.01,99,6653,249034,11583,396
cutie,5/21/20,1.48,73,6147,168452,7835,398
fluff,5/21/20,0.79,39,317,5740,267,77
sprinkles,5/21/20,1.99,98,8388,312051,14514,674
cutie,5/22/20,1.48,73,2428,67532,3141,197
fluff,5/22/20,1.47,72,1261,37453,1742,178
sprinkles,5/22/20,2.17,107,7506,303902,14135,498
cutie,5/23/20,1.78,87,1188,38313,1782,80
fluff,5/23/20,1.44,71,1410,40700,1893,260
sprinkles,5/23/20,2.09,102,5420,215796,10037,446
cutie,5/24/20,1.75,86,3688,123797,5758,277
fluff,5/24/20,1.47,72,2085,61361,2854,409
sprinkles,5/24/20,1.79,88,10308,288917,13438,1397
cutie,5/25/20,1.77,87,2718,89010,4140,225
fluff,5/25/20,1.68,83,2515,80818,3759,396
sprinkles,5/25/20,1.66,81,9378,258000,12000,1332
cutie,5/26/20,1.84,90,540,17780,827,77
fluff,5/26/20,1.72,84,2259,72756,3384,389
sprinkles,5/26/20,2,98,8091,267782,12455,940
cutie,5/27/20,1.57,77,224,6214,289,21
fluff,5/27/20,1.8,88,4217,148414,6903,630
sprinkles,5/27/20,2.02,99,5508,191888,8925,533
cutie,5/28/20,1.73,85,617,20210,940,52
fluff,5/28/20,1.88,93,3228,110058,5119,269
sprinkles,5/28/20,1.97,97,5277,171892,7995,625
cutie,5/29/20,1.79,88,639,19888,925,60
fluff,5/29/20,1.94,95,3729,133838,6225,280
sprinkles,5/29/20,2,98,5074,163916,7624,616
cutie,5/30/20,1.86,91,1313,44054,2049,94
fluff,5/30/20,1.84,91,2560,88860,4133,224
sprinkles,5/30/20,2.1,103,6033,212979,9906,726
cutie,5/31/20,1.69,83,836,25306,1177,58
fluff,5/31/20,1.81,89,2621,89720,4173,217
sprinkles,5/31/20,1.97,97,5067,160605,7470,639
cutie,6/1/20,2.1,103,2101,73659,3426,206
fluff,6/1/20,1.61,79,3333,101351,4714,569
sprinkles,6/1/20,2.06,101,4732,164668,7659,404
cutie,6/2/20,1.79,88,1220,38227,1778,89
fluff,6/2/20,1.77,87,3566,120228,5592,335
sprinkles,6/2/20,1.97,97,6898,220848,10272,716
cutie,6/3/20,1.88,92,1200,42204,1963,78
fluff,6/3/20,1.59,78,2257,65338,3039,234
sprinkles,6/3/20,1.92,94,5981,191006,8884,646
cutie,6/4/20,1.94,95,721,27348,1272,47
fluff,6/4/20,1.79,88,4794,154176,7171,527
sprinkles,6/4/20,2.07,102,6200,212270,9873,558
cutie,6/5/20,2.09,103,768,29606,1377,47
fluff,6/5/20,1.77,87,3452,112122,5215,319
sprinkles,6/5/20,1.98,97,3100,104468,4859,338
cutie,6/6/20,2.02,99,1211,46096,2144,44
fluff,6/6/20,1.57,77,1825,55018,2559,159
sprinkles,6/6/20,1.92,95,2739,95202,4428,212
cutie,6/7/20,1.7,84,4740,148522,6908,272
fluff,6/7/20,1.65,81,5289,165528,7699,646
sprinkles,6/7/20,2,98,5652,202294,9409,464
cutie,6/8/20,1.54,76,3337,93504,4349,274
fluff,6/8/20,1.55,76,2754,82689,3846,527
sprinkles,6/8/20,1.96,96,7464,225492,10488,862
cutie,6/9/20,1.75,86,1919,59942,2788,108
sprinkles,6/9/20,1.88,92,5582,175526,8164,567
cutie,6/10/20,1.74,85,1471,46053,2142,74
fluff,6/10/20,1.73,85,2500,78819,3666,326
sprinkles,6/10/20,1.82,89,5056,161164,7496,448
cutie,6/11/20,1.79,88,2117,67962,3161,121
fluff,6/11/20,1.8,88,3814,124550,5793,542
sprinkles,6/11/20,1.82,90,6322,190726,8871,754
cutie,6/12/20,1.65,81,1762,54288,2525,88
fluff,6/12/20,1.88,92,5813,200509,9326,616
sprinkles,6/12/20,1.9,93,6769,225642,10495,598
cutie,6/13/20,1.7,84,2621,82194,3823,125
fluff,6/13/20,1.79,88,3600,114939,5346,351
sprinkles,6/13/20,1.83,90,3721,115476,5371,376
cutie,6/14/20,1.63,80,5547,167722,7801,364
fluff,6/14/20,1.91,94,5778,198918,9252,483
sprinkles,6/14/20,1.94,95,5503,193436,8997,481
cutie,6/15/20,1.6,79,2912,86473,4022,208
fluff,6/15/20,1.39,68,1831,50525,2350,284
sprinkles,6/15/20,1.96,96,7675,240048,11165,824
cutie,6/16/20,1.79,88,5429,174128,8099,354
fluff,6/16/20,1.59,78,3085,90364,4203,452
sprinkles,6/16/20,1.73,85,7521,220440,10253,723
cutie,6/17/20,1.66,81,2183,64478,2999,124
fluff,6/17/20,1.54,76,1514,43710,2033,164
sprinkles,6/17/20,1.89,93,5986,193134,8983,555
cutie,6/18/20,1.71,84,2340,71380,3320,143
fluff,6/18/20,1.76,86,4526,149962,6975,621
sprinkles,6/18/20,2,98,5457,188276,8757,525
cutie,6/19/20,1.61,79,2300,66564,3096,98
fluff,6/19/20,1.88,92,5418,187158,8705,633
sprinkles,6/19/20,1.88,92,6294,208700,9707,622
cutie,6/20/20,1.67,82,6011,176773,8222,324
fluff,6/20/20,1.59,78,4470,135644,6309,802
sprinkles,6/20/20,1.83,90,4856,174924,8136,382
cutie,6/21/20,1.74,86,2353,70370,3273,98
fluff,6/21/20,1.3,64,1514,40291,1874,233
sprinkles,6/21/20,1.68,82,3631,104404,4856,500
cutie,6/22/20,1.72,84,5199,157316,7317,338
fluff,6/22/20,1.82,90,121,3762,175,27
sprinkles,6/22/20,1.99,98,9474,294098,13679,1006
cutie,6/23/20,1.68,82,1603,47902,2228,90
sprinkles,6/23/20,1.94,95,7287,233984,10883,718
cutie,6/24/20,1.72,84,3163,96793,4502,242
fluff,6/24/20,1.76,87,2721,89053,4142,230
sprinkles,6/24/20,1.94,95,5808,200832,9341,478
cutie,6/25/20,1.75,86,3796,120099,5586,224
sprinkles,6/25/20,1.68,83,3643,107543,5002,501
cutie,6/26/20,1.64,81,3475,104361,4854,205
fluff,6/26/20,1.91,94,5627,193780,9013,714
sprinkles,6/26/20,1.92,94,6242,233554,10863,564
cutie,6/27/20,1.68,82,2076,62328,2899,113
fluff,6/27/20,1.77,87,3235,104512,4861,397
sprinkles,6/27/20,1.83,90,4095,131558,6119,546
cutie,6/28/20,1.7,83,1664,51106,2377,71
fluff,6/28/20,1.89,93,4908,169958,7905,488
sprinkles,6/28/20,1.92,94,6682,197284,9176,814
cutie,6/29/20,1.68,83,2208,64543,3002,202
fluff,6/29/20,1.54,76,2106,59383,2762,418
sprinkles,6/29/20,2.03,100,6322,223922,10415,481
cutie,6/30/20,1.6,78,2073,59598,2772,124
fluff,6/30/20,1.54,76,2365,70756,3291,366
sprinkles,6/30/20,1.96,96,6857,247830,11527,617
cutie,7/1/20,1.72,84,3758,114144,5309,215
fluff,7/1/20,1.73,85,2023,65403,3042,262
sprinkles,7/1/20,2.08,102,7368,308976,14371,411
cutie,7/2/20,1.69,83,4127,127280,5920,247
fluff,7/2/20,1.73,85,1885,63532,2955,278
sprinkles,7/2/20,1.93,95,10892,338324,15736,1197
cutie,7/3/20,1.72,85,3267,100577,4678,165
fluff,7/3/20,1.75,86,1791,59254,2756,244
sprinkles,7/3/20,2.07,102,8844,320328,14899,732
cutie,7/4/20,1.56,77,5175,149962,6975,293
fluff,7/4/20,1.68,82,6759,216398,10065,857
sprinkles,7/4/20,1.98,97,9215,373004,17349,578
cutie,7/5/20,1.58,78,5760,163830,7620,339
fluff,7/5/20,1.71,84,6123,198294,9223,866
sprinkles,7/5/20,1.88,92,9862,365801,17014,848
cutie,7/6/20,1.77,87,1309,42484,1976,122
fluff,7/6/20,1.41,69,1375,37668,1752,281
sprinkles,7/6/20,1.75,86,8369,236887,11018,1076
cutie,7/7/20,1.87,92,4505,152951,7114,321
fluff,7/7/20,1.57,77,2711,79400,3693,444
sprinkles,7/7/20,1.79,88,9783,296786,13804,1053
cutie,7/8/20,1.79,88,2443,80152,3728,139
fluff,7/8/20,1.6,79,2054,60458,2812,288
sprinkles,7/8/20,1.91,94,6567,231297,10758,559
cutie,7/9/20,1.81,89,2902,94213,4382,171
fluff,7/9/20,1.58,77,2309,68026,3164,313
sprinkles,7/9/20,1.88,92,7491,261010,12140,750
cutie,7/10/20,1.63,80,5542,165400,7693,328
fluff,7/10/20,1.4,69,1391,37195,1730,180
sprinkles,7/10/20,1.8,88,6309,248088,11539,522
cutie,7/11/20,1.68,82,4256,129580,6027,218
fluff,7/11/20,1.64,81,4242,130763,6082,607
sprinkles,7/11/20,1.85,91,4049,134568,6259,427
cutie,7/12/20,1.6,79,4194,127151,5914,197
fluff,7/12/20,1.63,80,3445,104361,4854,416
sprinkles,7/12/20,1.87,92,5423,184104,8563,519
cutie,7/13/20,1.67,82,4182,126270,5873,351
fluff,7/13/20,1.57,77,3683,105414,4903,586
sprinkles,7/13/20,1.5,74,2051,52782,2455,184
cutie,7/14/20,1.6,78,3660,106576,4957,235
fluff,7/14/20,1.48,73,1211,34056,1584,162
sprinkles,7/14/20,1.53,75,6907,176214,8196,832
cutie,7/15/20,1.7,83,2803,84022,3908,183
fluff,7/15/20,1.64,81,4095,126398,5879,527
sprinkles,7/15/20,2.08,102,5713,205970,9580,521
cutie,7/16/20,1.7,83,2693,82624,3843,161
fluff,7/16/20,1.72,84,3733,115950,5393,453
sprinkles,7/16/20,1.75,86,4773,146350,6807,504
cutie,7/17/20,1.65,81,5749,174580,8120,319
fluff,7/17/20,1.77,87,3893,123776,5757,457
sprinkles,7/17/20,1.49,73,4193,115971,5394,410
cutie,7/18/20,1.54,76,3619,102899,4786,192
fluff,7/18/20,1.75,86,4045,130956,6091,490
sprinkles,7/18/20,2.1,103,6766,267159,12426,486
cutie,7/19/20,1.6,79,3188,97374,4529,174
fluff,7/19/20,1.72,85,6119,199456,9277,584
sprinkles,7/19/20,1.92,94,8134,312718,14545,550
cutie,7/20/20,1.58,78,2346,68843,3202,159
fluff,7/20/20,1.38,68,1851,50546,2351,449
sprinkles,7/20/20,1.97,97,6924,251314,11689,572
cutie,7/21/20,1.52,75,2444,69294,3223,150
fluff,7/21/20,1.55,76,1922,55492,2581,288
sprinkles,7/21/20,2.04,100,7470,291024,13536,550
cutie,7/22/20,1.58,77,1717,49794,2316,83
fluff,7/22/20,1.41,69,1331,37302,1735,233
sprinkles,7/22/20,1.88,92,7484,266127,12378,591
cutie,7/23/20,1.73,85,1427,45881,2134,70
fluff,7/23/20,1.3,64,322,8794,409,68
sprinkles,7/23/20,1.62,79,7438,196574,9143,952
cutie,7/24/20,1.54,76,2248,65274,3036,117
fluff,7/24/20,1.16,57,550,13782,641,101
sprinkles,7/24/20,1.74,86,8408,244820,11387,928
cutie,7/25/20,1.37,67,1587,41151,1914,70
fluff,7/25/20,1.53,75,3104,88279,4106,438
sprinkles,7/25/20,1.8,89,7630,243079,11306,836
cutie,7/26/20,1.46,72,1846,48504,2256,94
fluff,7/26/20,1.21,60,1436,33390,1553,205
sprinkles,7/26/20,1.82,89,5815,201304,9363,596
cutie,7/27/20,1.42,70,3224,83872,3901,139
fluff,7/27/20,1.39,68,2683,72176,3357,281
sprinkles,7/27/20,1.85,91,4654,153962,7161,517
cutie,7/28/20,1.43,70,2490,65596,3051,148
fluff,7/28/20,1.48,73,3290,92858,4319,318
sprinkles,7/28/20,1.77,87,3301,100040,4653,383
cutie,7/29/20,1.49,73,2539,69682,3241,103
fluff,7/29/20,1.5,74,1759,49923,2322,113
sprinkles,7/29/20,1.63,80,2043,57728,2685,258
cutie,7/30/20,1.55,76,4102,113262,5268,182
fluff,7/30/20,1.51,74,2540,73057,3398,195
sprinkles,7/30/20,1.8,88,2719,79292,3688,234
cutie,7/31/20,1.5,74,3577,101630,4727,172
fluff,7/31/20,1.34,66,1752,45193,2102,108
sprinkles,7/31/20,2.02,99,3042,99932,4648,241
cutie,8/1/20,1.58,77,5451,162755,7570,296
fluff,8/1/20,1.46,72,2441,65812,3061,136
sprinkles,8/1/20,1.98,97,3385,118981,5534,205
cutie,8/2/20,1.67,82,2809,86688,4032,140
fluff,8/2/20,1.63,80,3951,120164,5589,673
sprinkles,8/2/20,2.13,104,4999,180192,8381,419
cutie,8/3/20,1.59,78,3248,94708,4405,232
fluff,8/3/20,1.67,82,3172,96062,4468,547
sprinkles,8/3/20,1.98,97,6306,189522,8815,802
cutie,8/4/20,1.57,77,3662,107586,5004,252
fluff,8/4/20,1.61,79,2666,81850,3807,369
sprinkles,8/4/20,2.12,104,6313,215710,10033,689
cutie,8/5/20,1.57,77,4288,126764,5896,258
fluff,8/5/20,1.6,78,2340,71702,3335,298
sprinkles,8/5/20,1.81,89,5907,199004,9256,558
cutie,8/6/20,1.59,78,2444,72734,3383,133
fluff,8/6/20,1.59,78,3011,94256,4384,370
sprinkles,8/6/20,1.9,93,7591,262601,12214,745
cutie,8/7/20,1.51,74,4598,132204,6149,211
fluff,8/7/20,1.57,77,2127,64264,2989,223
sprinkles,8/7/20,2.03,100,7445,283004,13163,622
fluff,8/8/20,1.65,81,5514,179611,8354,602
sprinkles,8/8/20,2.01,99,7960,303344,14109,661
cutie,8/9/20,1.89,93,3197,111692,5195,150
fluff,8/9/20,1.63,80,8068,260709,12126,825
sprinkles,8/9/20,1.96,96,8455,311170,14473,767
cutie,8/10/20,1.92,94,5889,205002,9535,440
fluff,8/10/20,1.55,76,2794,83377,3878,472
sprinkles,8/10/20,1.95,96,9053,315126,14657,802
cutie,8/11/20,1.75,86,3492,110532,5141,246
fluff,8/11/20,1.77,87,3293,113584,5283,447
sprinkles,8/11/20,1.93,95,6443,219859,10226,475
cutie,8/12/20,1.72,84,3616,113907,5298,220
fluff,8/12/20,1.74,85,4458,154692,7195,473
sprinkles,8/12/20,1.93,95,7251,270040,12560,528
cutie,8/13/20,1.72,84,4751,156735,7290,291
fluff,8/13/20,1.76,86,5501,181374,8436,551
sprinkles,8/13/20,1.93,95,9019,363286,16897,553
cutie,8/14/20,1.63,80,2173,68520,3187,123
fluff,8/14/20,1.66,82,2473,75830,3527,196
sprinkles,8/14/20,1.97,97,9539,378120,17587,748
cutie,8/15/20,1.83,90,3300,110832,5155,181
fluff,8/15/20,1.97,97,4165,154155,7170,481
sprinkles,8/15/20,1.85,91,8077,296270,13780,572
cutie,8/16/20,1.72,85,3536,116422,5415,174
fluff,8/16/20,1.9,93,3198,109112,5075,306
sprinkles,8/16/20,1.85,91,7671,298076,13864,577
cutie,8/17/20,1.61,79,5598,167872,7808,380
fluff,8/17/20,1.58,77,7,215,10,1
sprinkles,8/17/20,2.08,102,11158,475472,22115,713
cutie,8/18/20,1.49,73,4299,122400,5693,277
fluff,8/18/20,1.52,75,137,3698,172,27
sprinkles,8/18/20,2.02,99,9801,403276,18757,885
cutie,8/19/20,1.78,88,6,215,10,1
fluff,8/19/20,1.6,79,20,602,28,4
sprinkles,8/19/20,1.98,97,7601,289196,13451,742
cutie,8/20/20,1.26,62,2745,66134,3076,297
sprinkles,8/20/20,2.05,101,8715,327359,15226,915
cutie,8/21/20,1.62,80,3442,99308,4619,303
fluff,8/21/20,1.38,68,2697,73401,3414,358
sprinkles,8/21/20,1.84,91,10682,356986,16604,1883
cutie,8/22/20,1.56,77,3032,88988,4139,207
sprinkles,8/22/20,1.93,95,11888,463669,21566,1077
cutie,8/23/20,1.49,73,2827,77400,3600,177
fluff,8/23/20,1.63,80,3629,111392,5181,450
sprinkles,8/23/20,2.09,103,9429,398804,18549,751
cutie,8/24/20,1.65,81,3174,94041,4374,238
sprinkles,8/24/20,1.68,83,12523,357910,16647,1632
cutie,8/25/20,1.56,77,2895,82861,3854,173
fluff,8/25/20,1.53,75,6852,208765,9710,1764
sprinkles,8/25/20,1.88,92,6545,217774,10129,844
cutie,8/26/20,1.54,76,3634,102362,4761,210
fluff,8/26/20,1.6,79,5882,181546,8444,1027
sprinkles,8/26/20,1.89,93,8341,282790,13153,685
cutie,8/27/20,1.55,76,4387,126549,5886,230
fluff,8/27/20,1.61,79,5622,175913,8182,871
sprinkles,8/27/20,1.81,89,6154,193801,9014,550
cutie,8/28/20,1.57,77,2854,82926,3857,145
fluff,8/28/20,1.44,71,60,1806,84,10
sprinkles,8/28/20,1.94,95,6795,228674,10636,504
cutie,8/29/20,1.49,73,4013,110209,5126,225
fluff,8/29/20,1.53,75,3324,101222,4708,262
sprinkles,8/29/20,1.52,74,4824,124098,5772,416
cutie,8/30/20,1.66,82,4418,135536,6304,169
fluff,8/30/20,1.77,87,1,43,2,1
sprinkles,8/30/20,1.73,85,4868,152521,7094,397
cutie,8/31/20,1.29,64,2698,63210,2940,407
sprinkles,8/31/20,1.41,69,8726,206658,9612,966
cutie,9/1/20,1.46,72,3326,89032,4141,170
sprinkles,9/1/20,1.58,78,5227,140051,6514,382
cutie,9/2/20,1.53,75,2514,70864,3296,152
fluff,9/2/20,1.7,83,6298,208486,9697,712
sprinkles,9/2/20,1.62,79,6612,185373,8622,516
cutie,9/3/20,1.52,75,2384,66951,3114,100
fluff,9/3/20,1.7,84,5678,186082,8655,684
sprinkles,9/3/20,1.57,77,6128,163486,7604,535
cutie,9/4/20,1.52,75,3394,94127,4378,179
fluff,9/4/20,1.7,83,4802,159078,7399,450
sprinkles,9/4/20,1.58,78,6824,179396,8344,729
cutie,9/5/20,1.44,71,3471,91654,4263,170
fluff,9/5/20,1.56,77,1758,53922,2508,117
sprinkles,9/5/20,1.73,85,5897,181202,8428,568
cutie,9/6/20,1.48,73,5791,150564,7003,353
fluff,9/6/20,1.37,67,1215,34615,1610,160
sprinkles,9/6/20,1.82,90,7395,254926,11857,710
cutie,9/7/20,1.39,68,3198,82517,3838,185
fluff,9/7/20,1.57,77,478,16082,748,76
sprinkles,9/7/20,1.76,86,6833,215559,10026,686
cutie,9/8/20,1.53,75,3031,86172,4008,218
sprinkles,9/8/20,1.91,94,9214,346795,16130,763
cutie,9/9/20,1.44,71,3650,97524,4536,202
fluff,9/9/20,1.55,76,3558,108704,5056,325
sprinkles,9/9/20,2,98,6973,274555,12770,612
cutie,9/10/20,1.6,79,3438,95782,4455,230
fluff,9/10/20,1.62,79,2213,65403,3042,507
sprinkles,9/10/20,1.08,53,1229,24424,1136,118
cutie,9/11/20,1.4,69,2671,71230,3313,145
fluff,9/11/20,1.4,69,1862,50246,2337,416
sprinkles,9/11/20,1.6,79,6860,179869,8366,746
cutie,9/12/20,1.25,62,285,6708,312,12
cutie,9/12/20,1.41,69,3400,86882,4041,194
fluff,9/12/20,1.44,71,1877,51643,2402,254
fluff,9/12/20,1.68,83,911,27370,1273,123
sprinkles,9/12/20,1.45,71,2977,73852,3435,300
sprinkles,9/12/20,1.52,75,1828,46504,2163,185
cutie,9/13/20,1.45,71,3807,102813,4782,201
fluff,9/13/20,1.68,82,3371,105135,4890,442
sprinkles,9/13/20,1.33,66,3104,72756,3384,221
cutie,9/14/20,1.47,72,2167,58351,2714,140
fluff,9/14/20,1.25,61,1553,38378,1785,320
sprinkles,9/14/20,1.45,71,7101,170151,7914,738
cutie,9/15/20,1.44,71,2532,66865,3110,149
fluff,9/15/20,1.45,71,1636,44914,2089,220
sprinkles,9/15/20,1.82,90,7999,243402,11321,747
cutie,9/16/20,0.99,49,316,5375,250,54
fluff,9/16/20,1.45,71,2260,62974,2929,337
sprinkles,9/16/20,1.9,93,7075,239446,11137,720
cutie,9/17/20,1.45,71,2808,77443,3602,119
fluff,9/17/20,1.42,70,2489,69316,3224,383
sprinkles,9/17/20,1.84,91,8983,328068,15259,753
cutie,9/18/20,1.6,78,2030,58028,2699,99
fluff,9/18/20,1.33,65,1313,33948,1579,115
sprinkles,9/18/20,1.91,94,6876,247637,11518,606
cutie,9/19/20,1.45,71,5824,155617,7238,308
fluff,9/19/20,1.55,76,4311,125582,5841,701
sprinkles,9/19/20,1.81,89,7572,235984,10976,593
cutie,9/20/20,1.57,77,5458,154671,7194,253
fluff,9/20/20,1.05,52,729,16018,745,139
sprinkles,9/20/20,2.12,104,7494,275996,12837,593
cutie,9/21/20,1.42,70,5714,150629,7006,424
fluff,9/21/20,0.87,43,1294,26596,1237,448
sprinkles,9/21/20,1.82,90,9726,286100,13307,1078
cutie,9/22/20,1.44,71,4051,104640,4867,307
fluff,9/22/20,1.31,64,2086,54911,2554,466
sprinkles,9/22/20,1.78,88,5324,165378,7692,585
cutie,9/23/20,1.38,68,3077,78819,3666,212
fluff,9/23/20,1.31,64,1391,36851,1714,223
sprinkles,9/23/20,1.63,80,2154,59920,2787,195
cutie,9/24/20,1.36,67,2871,71681,3334,194
sprinkles,9/24/20,1.65,81,6309,186878,8692,648
cutie,9/25/20,1.47,72,1871,54825,2550,115
fluff,9/25/20,1.5,74,7,236,11,1
sprinkles,9/25/20,1.81,89,2340,72713,3382,228
cutie,9/26/20,1.61,79,1410,38614,1796,110
sprinkles,9/26/20,1.39,68,1616,38829,1806,167
cutie,9/27/20,1.57,77,1955,55771,2594,118
fluff,9/27/20,1.79,88,622,21586,1004,141
sprinkles,9/27/20,1.4,69,2179,52761,2454,250
cutie,9/28/20,1.63,80,2372,68564,3189,170
fluff,9/28/20,1.66,81,4731,148909,6926,990
sprinkles,9/28/20,1.43,70,5592,131752,6128,665
cutie,9/29/20,1.43,70,1838,49170,2287,134
fluff,9/29/20,1.43,70,2531,67768,3152,418
sprinkles,9/29/20,1.63,80,5812,157853,7342,662
cutie,9/30/20,1.58,77,2234,63640,2960,124
fluff,9/30/20,1.35,66,1078,26574,1236,138
sprinkles,9/30/20,1.93,95,4824,156219,7266,459
cutie,10/1/20,1.6,79,2612,77443,3602,161
fluff,10/1/20,1.37,67,2695,67832,3155,306
sprinkles,10/1/20,1.81,89,7495,226524,10536,493
cutie,10/2/20,1.63,80,2595,79658,3705,150
fluff,10/2/20,1.29,63,1422,35604,1656,192
sprinkles,10/2/20,2.04,100,7021,231706,10777,505
cutie,10/3/20,1.68,82,4591,143792,6688,252
fluff,10/3/20,1.35,66,2806,72390,3367,401
sprinkles,10/3/20,2.02,99,5782,185717,8638,565
cutie,10/4/20,1.62,80,5060,151166,7031,260
fluff,10/4/20,1.46,72,2180,60544,2816,274
sprinkles,10/4/20,1.89,93,8110,288014,13396,599
cutie,10/5/20,1.47,72,1711,46913,2182,115
fluff,10/5/20,1.59,78,2966,88816,4131,611
sprinkles,10/5/20,1.83,90,8657,264858,12319,677
cutie,10/6/20,1.59,78,2931,82904,3856,148
fluff,10/6/20,1.6,78,3361,102318,4759,641
sprinkles,10/6/20,2.09,103,9710,333916,15531,1138
cutie,10/7/20,1.13,56,2069,47644,2216,105
fluff,10/7/20,1.09,53,756,18038,839,201
sprinkles,10/7/20,1.95,96,9212,313943,14602,937
cutie,10/8/20,1.46,72,2886,74089,3446,157
fluff,10/8/20,1.25,62,1270,32809,1526,277
sprinkles,10/8/20,1.73,85,2772,84388,3925,423
cutie,10/9/20,1.45,71,4398,114982,5348,279
fluff,10/9/20,1.14,56,1109,27047,1258,196
sprinkles,10/9/20,2,98,7795,268750,12500,878
cutie,10/10/20,1.31,64,4658,110596,5144,233
fluff,10/10/20,1.6,78,2721,78518,3652,361
sprinkles,10/10/20,2.15,105,7889,304548,14165,631
cutie,10/11/20,1.37,67,3017,76110,3540,162
fluff,10/11/20,1.66,81,3737,112294,5223,589
sprinkles,10/11/20,1.97,97,9004,308246,14337,1120
cutie,10/12/20,1.39,68,3348,85720,3987,132
fluff,10/12/20,1.43,70,1443,40442,1881,277
sprinkles,10/12/20,2.04,100,12391,452704,21056,1175
cutie,10/13/20,1.35,66,5803,142373,6622,320
fluff,10/13/20,1.48,73,2506,72348,3365,382
sprinkles,10/13/20,2,98,15488,611804,28456,1208
cutie,10/14/20,1.41,69,3087,80302,3735,127
fluff,10/14/20,1.35,66,1453,38162,1775,173
sprinkles,10/14/20,1.91,94,10224,326134,15169,1526
cutie,10/15/20,1.33,65,3753,93030,4327,152
fluff,10/15/20,1.61,79,2403,70563,3282,267
sprinkles,10/15/20,2,98,9480,325316,15131,995
cutie,10/16/20,1.4,69,3895,101244,4709,180
fluff,10/16/20,1.57,77,2232,64672,3008,280
sprinkles,10/16/20,1.96,96,9502,342860,15947,854
cutie,10/17/20,1.47,72,4987,131516,6117,258
fluff,10/17/20,1.39,68,2265,62350,2900,377
sprinkles,10/17/20,2.06,101,9722,364704,16963,743
cutie,10/18/20,1.62,80,8883,255721,11894,471
fluff,10/18/20,1.44,71,3384,95396,4437,640
sprinkles,10/18/20,2.02,99,11017,430108,20005,819
cutie,10/19/20,1.56,77,2125,60050,2793,149
fluff,10/19/20,1.39,68,1500,41839,1946,474
sprinkles,10/19/20,2.12,104,11794,460508,21419,923
cutie,10/20/20,1.49,73,1423,39818,1852,74
fluff,10/20/20,1.23,61,1094,26724,1243,266
sprinkles,10/20/20,2.06,101,10608,449500,20907,941
cutie,10/21/20,1.37,67,1137,28960,1347,80
fluff,10/21/20,1.01,50,474,10191,474,129
sprinkles,10/21/20,1.92,94,11641,427162,19868,989
cutie,10/22/20,1.57,77,1741,49407,2298,79
fluff,10/22/20,1.27,63,901,23263,1082,181
sprinkles,10/22/20,1.6,79,9208,243316,11317,1288
cutie,10/23/20,1.57,77,1661,49493,2302,79
fluff,10/23/20,1.59,78,3132,93181,4334,583
sprinkles,10/23/20,1.71,84,9609,280016,13024,1179
cutie,10/24/20,1.67,82,1764,55104,2563,70
fluff,10/24/20,1.53,75,1407,38850,1807,247
sprinkles,10/24/20,1.69,83,7948,227706,10591,935
cutie,10/25/20,1.65,81,2991,90300,4200,123
fluff,10/25/20,1.56,76,2480,71574,3329,494
sprinkles,10/25/20,2.17,106,9584,390913,18182,851
cutie,10/26/20,1.57,77,4815,135386,6297,261
fluff,10/26/20,1.54,75,2186,62909,2926,337
sprinkles,10/26/20,1.59,78,13645,365908,17019,1676
cutie,10/27/20,1.49,73,1247,33497,1558,82
fluff,10/27/20,1.58,78,2624,74024,3443,467
sprinkles,10/27/20,1.62,80,6712,180966,8417,858
cutie,10/28/20,1.48,73,1526,42678,1985,82
fluff,10/28/20,1.73,85,3297,104856,4877,354
sprinkles,10/28/20,1.94,95,5943,205712,9568,568
cutie,10/29/20,1.62,80,2290,67962,3161,130
fluff,10/29/20,1.76,86,2399,75164,3496,257
sprinkles,10/29/20,2.16,106,8277,310116,14424,767
cutie,10/30/20,1.57,77,3279,92966,4324,161
fluff,10/30/20,1.81,89,3735,116917,5438,399
sprinkles,10/30/20,2.05,101,9102,371240,17267,789
cutie,10/31/20,1.65,81,5881,172387,8018,316
fluff,10/31/20,1.65,81,3975,122765,5710,509
sprinkles,10/31/20,1.96,96,9388,343613,15982,984
cutie,11/1/20,1.56,77,6009,169958,7905,367
fluff,11/1/20,1.75,86,5679,180342,8388,785
sprinkles,11/1/20,2.14,105,12420,524794,24409,860
cutie,11/2/20,1.3,64,1043,25585,1190,61
fluff,11/2/20,1.48,73,2296,65446,3044,353
sprinkles,11/2/20,1.82,89,10749,326048,15165,1155
fluff,11/3/20,1.6,79,4553,134633,6262,623
sprinkles,11/3/20,1.78,88,11190,354986,16511,1229
fluff,11/4/20,1.74,85,6185,188555,8770,752
sprinkles,11/4/20,1.91,94,10052,373412,17368,822
cutie,11/5/20,1.52,75,3565,95976,4464,176
fluff,11/5/20,1.74,85,5736,180256,8384,599
sprinkles,11/5/20,1.98,97,11149,410865,19110,745
cutie,11/6/20,1.44,71,4490,114874,5343,226
fluff,11/6/20,1.77,87,5887,189544,8816,563
sprinkles,11/6/20,1.84,91,9280,338044,15723,734
cutie,11/7/20,1.53,75,3875,106683,4962,142
fluff,11/7/20,1.79,88,5195,168990,7860,397
sprinkles,11/7/20,1.82,89,6959,237296,11037,575
cutie,11/8/20,1.49,73,4194,113456,5277,168
fluff,11/8/20,1.79,88,6172,205067,9538,515
sprinkles,11/8/20,1.98,97,12620,456896,21251,1027
cutie,11/9/20,1.28,63,1643,40054,1863,86
fluff,11/9/20,1.42,70,4088,109586,5097,767
sprinkles,11/9/20,1.56,76,11021,296442,13788,1452
cutie,11/10/20,1.35,66,968,24338,1132,48
fluff,11/10/20,1.46,72,3807,104877,4878,775
sprinkles,11/10/20,1.35,67,6718,156348,7272,828
cutie,11/11/20,1.41,69,2385,61512,2861,119
fluff,11/11/20,1.53,75,4110,122830,5713,905
sprinkles,11/11/20,1.47,72,8014,201885,9390,872
cutie,11/12/20,1.49,73,2490,67768,3152,157
fluff,11/12/20,1.71,84,7879,253184,11776,1456
sprinkles,11/12/20,1.77,87,9498,310352,14435,753
cutie,11/13/20,1.37,67,5139,127904,5949,215
fluff,11/13/20,1.74,85,4939,161164,7496,620
sprinkles,11/13/20,1.8,88,10020,339120,15773,758
cutie,11/14/20,1.32,65,5933,141878,6599,323
fluff,11/14/20,1.52,75,4403,127344,5923,670
sprinkles,11/14/20,1.63,80,1838,57856,2691,182
cutie,11/15/20,1.44,71,6339,163336,7597,275
fluff,11/15/20,1.59,78,6248,181718,8452,1034
sprinkles,11/15/20,1.96,96,13278,575018,26745,797
cutie,11/16/20,1.32,65,2952,73358,3412,118
fluff,11/16/20,1.39,68,3189,85032,3955,639
sprinkles,11/16/20,1.68,83,12992,383259,17826,1313
cutie,11/17/20,1.43,70,5450,139277,6478,224
fluff,11/17/20,1.42,70,3636,98814,4596,530
sprinkles,11/17/20,1.8,88,13285,411918,19159,1566
cutie,11/18/20,1.52,74,9175,245552,11421,475
fluff,11/18/20,1.54,76,4735,135084,6283,677
sprinkles,11/18/20,1.91,94,15672,575576,26771,1172
cutie,11/19/20,1.62,79,8943,255334,11876,578
fluff,11/19/20,1.53,75,3705,105737,4918,529
sprinkles,11/19/20,1.71,84,16942,563064,26189,991
cutie,11/20/20,1.47,72,7404,196295,9130,416
fluff,11/20/20,1.87,92,3617,129731,6034,402
sprinkles,11/20/20,1.75,86,12508,437267,20338,847
cutie,11/21/20,1.39,68,3401,85355,3970,155
fluff,11/21/20,1.65,81,4592,137406,6391,517
sprinkles,11/21/20,1.82,90,14741,548078,25492,966
cutie,11/22/20,1.49,73,3586,96578,4492,175
fluff,11/22/20,1.64,81,5803,172516,8024,587
sprinkles,11/22/20,1.22,60,1383,30164,1403,177
cutie,11/23/20,1.3,64,2561,61748,2872,110
fluff,11/23/20,1.51,74,2507,71616,3331,496
sprinkles,11/23/20,1.67,82,10818,328262,15268,786
cutie,11/24/20,1.49,73,2371,66242,3081,94
fluff,11/24/20,1.58,78,3770,108188,5032,640
sprinkles,11/24/20,1.76,86,13205,434472,20208,885
cutie,11/25/20,1.34,66,5009,128011,5954,161
fluff,11/25/20,1.5,73,2134,57491,2674,340
sprinkles,11/25/20,1.15,56,2107,43108,2005,309
cutie,11/26/20,1.42,70,1620,42484,1976,46
fluff,11/26/20,1.32,65,835,21908,1019,178
sprinkles,11/26/20,1.1,54,6007,117884,5483,487
cutie,11/27/20,1.45,71,2075,55341,2574,56
fluff,11/27/20,1.38,68,1033,28638,1332,282
sprinkles,11/27/20,1.3,64,12212,274576,12771,1336
cutie,11/28/20,1.36,67,1078,28251,1314,49
fluff,11/28/20,1.56,77,5000,145964,6789,772
sprinkles,11/28/20,1.75,86,8336,238779,11106,935
cutie,11/29/20,1.47,72,7509,200186,9311,371
fluff,11/29/20,1.59,78,3676,108618,5052,499
sprinkles,11/29/20,1.99,98,9760,342818,15945,722
cutie,11/30/20,1.55,76,3910,105221,4894,286
fluff,11/30/20,1.29,64,1452,40012,1861,236
sprinkles,11/30/20,1.86,92,11683,362748,16872,1091
cutie,12/1/20,1.47,72,4144,111413,5182,204
fluff,12/1/20,1.95,96,6263,229986,10697,776
sprinkles,12/1/20,1.82,89,10594,342538,15932,1108
cutie,12/2/20,1.48,73,8940,232716,10824,362
fluff,12/2/20,1.23,60,3741,93267,4338,836
sprinkles,12/2/20,1.86,91,14950,498026,23164,1284
cutie,12/3/20,1.44,71,5541,145985,6790,253
fluff,12/3/20,1.38,68,2965,81829,3806,794
sprinkles,12/3/20,1.89,93,12629,440922,20508,947
cutie,12/4/20,1.41,69,4260,112036,5211,180
fluff,12/4/20,1.6,79,3333,100663,4682,528
sprinkles,12/4/20,1.81,89,11891,398610,18540,895
cutie,12/5/20,1.41,69,5404,135170,6287,269
fluff,12/5/20,1.48,73,2668,77400,3600,333
sprinkles,12/5/20,1.82,89,11534,417487,19418,746
cutie,12/6/20,1.26,62,4932,118766,5524,192
fluff,12/6/20,1.58,77,5890,179826,8364,1123
sprinkles,12/6/20,1.57,77,8858,284252,13221,715
cutie,12/7/20,1.42,70,6874,180664,8403,357
fluff,12/7/20,1.53,75,3290,103050,4793,1305
sprinkles,12/7/20,1.44,71,12426,309557,14398,1487
cutie,12/8/20,1.55,76,7655,210162,9775,386
fluff,12/8/20,1.55,76,2023,61554,2863,434
sprinkles,12/8/20,1.66,81,13883,429183,19962,1172
cutie,12/9/20,1.3,64,734,18210,847,44
fluff,12/9/20,1.64,81,2898,94170,4380,724
sprinkles,12/9/20,1.67,82,13384,431075,20050,1395
cutie,12/10/20,1.45,71,5794,151854,7063,251
fluff,12/10/20,1.5,74,2637,77529,3606,513
sprinkles,12/10/20,1.71,84,12643,377282,17548,1336
cutie,12/11/20,1.57,77,3748,106339,4946,150
fluff,12/11/20,1.45,71,1963,55470,2580,362
sprinkles,12/11/20,1.67,82,12951,390634,18169,1234
cutie,12/12/20,1.55,76,3703,104232,4848,173
fluff,12/12/20,1.68,82,3893,122593,5702,781
sprinkles,12/12/20,1.76,87,13770,463970,21580,1038
cutie,12/13/20,1.55,76,3024,87054,4049,111
fluff,12/13/20,1.81,89,4153,142115,6610,581
sprinkles,12/13/20,1.61,79,12934,444082,20655,919
cutie,12/14/20,1.33,65,3679,91310,4247,160
fluff,12/14/20,1.67,82,4461,139728,6499,829
sprinkles,12/14/20,1.59,78,11481,310826,14457,1276
cutie,12/15/20,1.69,83,12414,369886,17204,769
fluff,12/15/20,1.81,89,5754,195284,9083,1024
sprinkles,12/15/20,1.71,84,14057,467302,21735,1046
cutie,12/16/20,1.57,77,9266,263762,12268,601
fluff,12/16/20,1.83,90,3373,118164,5496,435
sprinkles,12/16/20,1.81,89,15894,571664,26589,1028
cutie,12/17/20,1.52,75,10922,305794,14223,608
fluff,12/17/20,1.78,87,4998,170409,7926,777
sprinkles,12/17/20,1.69,83,17124,578651,26914,1134
cutie,12/18/20,1.55,76,8324,232178,10799,399
fluff,12/18/20,1.83,90,5074,176364,8203,699
sprinkles,12/18/20,1.4,69,10795,291970,13580,843
cutie,12/19/20,1.36,67,7770,194424,9043,324
fluff,12/19/20,1.66,81,3892,128828,5992,549
sprinkles,12/19/20,1.57,77,14485,444212,20661,1291
cutie,12/20/20,1.49,73,7714,211108,9819,292
fluff,12/20/20,1.75,86,7223,250024,11629,1067
sprinkles,12/20/20,1.68,82,15462,496478,23092,1303
cutie,12/21/20,1.37,67,4533,113584,5283,262
fluff,12/21/20,1.74,85,2649,90192,4195,449
sprinkles,12/21/20,1.77,87,15993,533050,24793,1246
cutie,12/22/20,1.51,74,3533,98664,4589,148
fluff,12/22/20,1.69,83,1703,56717,2638,235
sprinkles,12/22/20,1.69,83,14816,464508,21605,1399
cutie,12/23/20,1.46,72,4051,109091,5074,148
fluff,12/23/20,1.77,87,4853,164862,7668,667
sprinkles,12/23/20,1.65,81,16623,540230,25127,1037
cutie,12/24/20,1.43,70,2905,77099,3586,113
fluff,12/24/20,1.76,87,5207,175053,8142,920
sprinkles,12/24/20,1.18,58,6223,130462,6068,662
cutie,12/25/20,0.96,47,846,17178,799,38
fluff,12/25/20,1.88,93,4431,163336,7597,532
sprinkles,12/25/20,1.67,82,11542,344236,16011,1088
cutie,12/26/20,1.41,69,8441,211818,9852,347
sprinkles,12/26/20,1.37,67,14968,384850,17900,1358
cutie,12/27/20,1.59,78,7198,209582,9748,338
fluff,12/27/20,1.38,68,907,23822,1108,223
sprinkles,12/27/20,0.96,47,5563,102662,4775,641
cutie,12/28/20,1.3,64,9687,224503,10442,546
fluff,12/28/20,1.3,64,2611,65468,3045,814
sprinkles,12/28/20,1.08,53,11976,223278,10385,1279
cutie,12/29/20,1.3,64,8292,199370,9273,339
fluff,12/29/20,1.16,57,950,22640,1053,241
sprinkles,12/29/20,1.22,60,11497,243466,11324,1117
cutie,12/30/20,1.37,67,7449,188620,8773,268
fluff,12/30/20,1.06,52,1265,30552,1421,557
sprinkles,12/30/20,1.56,77,12299,347010,16140,922
cutie,12/31/20,1.34,66,7918,194166,9031,263
fluff,12/31/20,1.18,58,933,23263,1082,319
sprinkles,12/31/20,1.36,67,6005,158498,7372,507
cutie,1/1/21,1.43,70,12231,311621,14494,633
sprinkles,1/1/21,0.81,40,6730,105952,4928,716
cutie,1/2/21,1.31,64,7077,165356,7691,342
fluff,1/2/21,2.16,106,6,215,10,1
sprinkles,1/2/21,1.23,61,12846,278812,12968,1436
cutie,1/3/21,1.53,75,7046,197714,9196,263
fluff,1/3/21,1.19,58,2762,66500,3093,859
sprinkles,1/3/21,1.4,69,12786,320823,14922,1257
cutie,1/4/21,1.41,69,5963,154843,7202,269
fluff,1/4/21,1.37,67,968,25392,1181,191
sprinkles,1/4/21,1.66,81,10768,312588,14539,707
cutie,1/5/21,1.34,66,5286,129215,6010,219
fluff,1/5/21,1.56,76,615,19328,899,257
sprinkles,1/5/21,1.29,63,7180,153768,7152,789
cutie,1/6/21,1.25,61,3871,90408,4205,174
fluff,1/6/21,1.2,59,53,1505,70,23
sprinkles,1/6/21,1.72,85,13779,409102,19028,1087
cutie,1/7/21,1.33,65,8409,206185,9590,316
sprinkles,1/7/21,1.68,83,9179,287799,13386,607
cutie,1/8/21,1.18,58,6655,142868,6645,324
fluff,1/8/21,1.07,53,94,2000,93,31
sprinkles,1/8/21,1.76,86,13078,394224,18336,876
cutie,1/9/21,1.59,78,8125,239768,11152,357
fluff,1/9/21,1.37,67,570,16641,774,229
sprinkles,1/9/21,1.18,58,4968,104404,4856,548
cutie,1/10/21,1.29,63,4658,109865,5110,228
fluff,1/10/21,1.13,56,58,1591,74,35
sprinkles,1/10/21,1.19,58,11009,226997,10558,1075
cutie,1/11/21,1.24,61,10864,243960,11347,595
fluff,1/11/21,1.19,58,112,3032,141,72
sprinkles,1/11/21,0.81,40,8211,127990,5953,1194
cutie,1/12/21,1.36,67,8072,201885,9390,311
fluff,1/12/21,1.39,68,82,2300,107,23
sprinkles,1/12/21,1.2,59,11129,234350,10900,1522
cutie,1/13/21,1.35,66,8477,214506,9977,226
fluff,1/13/21,1.35,66,238,6794,316,110
sprinkles,1/13/21,1.45,71,12432,314416,14624,1463
cutie,1/14/21,1.45,71,12164,322608,15005,488
fluff,1/14/21,1.31,64,364,9696,451,167
sprinkles,1/14/21,1.76,87,12363,383280,17827,1039
cutie,1/15/21,1.27,62,8550,206529,9606,292
fluff,1/15/21,1.09,54,81,1914,89,24
sprinkles,1/15/21,1.68,82,10647,314932,14648,963
cutie,1/16/21,1.46,72,5480,148586,6911,162
fluff,1/16/21,1.31,64,378,9890,460,128
sprinkles,1/16/21,1.55,76,10878,295195,13730,1384
cutie,1/17/21,1.34,66,10727,264493,12302,390
fluff,1/17/21,1.36,67,514,13244,616,147
sprinkles,1/17/21,1.98,97,13132,453414,21089,1108
cutie,1/18/21,1.09,54,8355,161056,7491,593
sprinkles,1/18/21,1.42,70,10534,254345,11830,1229
cutie,1/19/21,1.09,53,7246,146824,6829,472
fluff,1/19/21,1.46,72,7,258,12,4
sprinkles,1/19/21,1.64,81,11551,323446,15044,1308
cutie,1/20/21,0.95,47,5802,111370,5180,450
fluff,1/20/21,0.93,46,364,6686,311,48
sprinkles,1/20/21,1.72,85,10157,292615,13610,1099
cutie,1/21/21,1.21,60,7497,166453,7742,395
fluff,1/21/21,0.77,38,23,452,21,8
sprinkles,1/21/21,1.79,88,11431,369026,17164,988
cutie,1/22/21,1.26,62,8296,193564,9003,405
fluff,1/22/21,0.52,25,2,43,2,2
sprinkles,1/22/21,1.76,87,9575,303064,14096,759
cutie,1/23/21,1.26,62,10337,238284,11083,462
fluff,1/23/21,1.12,55,212,4515,210,31
sprinkles,1/23/21,1.72,84,10792,349912,16275,852
cutie,1/24/21,1.08,53,7291,147404,6856,373
fluff,1/24/21,0.77,38,18,430,20,8
sprinkles,1/24/21,1.26,62,8589,194080,9027,996
cutie,1/25/21,1.41,69,10346,262924,12229,822
fluff,1/25/21,1.06,52,194,4580,213,45
sprinkles,1/25/21,1.07,53,8548,164668,7659,1246
cutie,1/26/21,1.23,60,5238,119196,5544,294
fluff,1/26/21,1.05,51,2,43,2,1
sprinkles,1/26/21,1.48,72,6795,165786,7711,904
cutie,1/27/21,1.06,52,3329,65124,3029,139
sprinkles,1/27/21,1.48,73,5744,141169,6566,477
cutie,1/28/21,1.34,66,9539,225363,10482,463
fluff,1/28/21,0.73,36,2,43,2,2
sprinkles,1/28/21,1.71,84,5435,156520,7280,486
cutie,1/29/21,1.12,55,10052,201906,9391,500
fluff,1/29/21,0.87,43,10,172,8,4
sprinkles,1/29/21,1.76,87,11281,333594,15516,1002
cutie,1/30/21,1.14,56,10107,205046,9537,506
sprinkles,1/30/21,1.56,77,11021,301258,14012,987
cutie,1/31/21,1.03,51,5460,103888,4832,309
fluff,1/31/21,1.37,68,51,1354,63,16
sprinkles,1/31/21,1.54,76,7248,185889,8646,912
cutie,2/1/21,1.44,71,9077,236952,11021,449
fluff,2/1/21,1.13,56,159,3913,182,46
sprinkles,2/1/21,1.17,58,8123,166195,7730,1126
cutie,2/2/21,1.3,64,5809,139234,6476,226
sprinkles,2/2/21,1.68,82,10492,292099,13586,1156
cutie,2/3/21,1.36,67,10610,268728,12499,517
fluff,2/3/21,1.22,60,196,4472,208,30
sprinkles,2/3/21,1.69,83,8977,260795,12130,1175
cutie,2/4/21,1.39,68,11325,291798,13572,514
fluff,2/4/21,1.28,63,232,5891,274,40
sprinkles,2/4/21,1.76,87,10227,327982,15255,854
cutie,2/5/21,1.24,61,9594,217451,10114,345
fluff,2/5/21,1.27,62,14,344,16,5
sprinkles,2/5/21,1.66,81,11828,333508,15512,1176
cutie,2/6/21,1.38,68,9480,244304,11363,323
fluff,2/6/21,1.24,61,218,5289,246,48
sprinkles,2/6/21,1.31,64,7386,167636,7797,1137
cutie,2/7/21,1.42,70,7900,203863,9482,327
fluff,2/7/21,1.48,72,424,12298,572,118
sprinkles,2/7/21,1.29,63,6697,150092,6981,922
cutie,2/8/21,1.35,66,8025,195242,9081,410
fluff,2/8/21,1.03,51,81,1914,89,32
sprinkles,2/8/21,1.44,71,11280,275716,12824,1270
cutie,2/9/21,1.17,58,8804,191608,8912,471
fluff,2/9/21,1.24,61,274,6858,319,99
sprinkles,2/9/21,1.42,70,6478,150908,7019,661
cutie,2/10/21,1.13,55,8471,176064,8189,537
fluff,2/10/21,1.1,54,417,9052,421,119
sprinkles,2/10/21,1.64,80,11179,300699,13986,1009
cutie,2/11/21,1.06,52,8952,176924,8229,521
fluff,2/11/21,1.32,65,506,12642,588,125
sprinkles,2/11/21,1.75,86,9432,282532,13141,841
cutie,2/12/21,1.11,54,9813,197478,9185,491
fluff,2/12/21,1.47,72,735,20597,958,174
sprinkles,2/12/21,1.63,80,12187,355868,16552,936
cutie,2/13/21,1.08,53,10345,202487,9418,699
sprinkles,2/13/21,1.12,55,3418,67790,3153,594
cutie,2/14/21,1.01,50,11297,209388,9739,703
fluff,2/14/21,1.24,61,101,2408,112,33
sprinkles,2/14/21,1.35,66,9012,198015,9210,1212
cutie,2/15/21,1.13,55,8514,176752,8221,473
fluff,2/15/21,1.17,58,234,5848,272,82
sprinkles,2/15/21,1.07,52,5750,104920,4880,843
cutie,2/16/21,1.11,55,7167,146587,6818,397
fluff,2/16/21,1.36,67,275,7632,355,88
sprinkles,2/16/21,1.28,63,8320,172731,8034,937
cutie,2/17/21,1.24,61,9691,218204,10149,600
fluff,2/17/21,1.22,60,334,7998,372,84
sprinkles,2/17/21,1.63,80,8701,243380,11320,932
cutie,2/18/21,1.13,55,7948,162368,7552,450
fluff,2/18/21,1.08,53,100,2258,105,35
sprinkles,2/18/21,1.82,89,12561,387322,18015,991
cutie,2/19/21,1.23,60,9412,206486,9604,522
fluff,2/19/21,1.27,62,395,10040,467,107
sprinkles,2/19/21,1.41,69,7238,163486,7604,1080
cutie,2/20/21,1.25,61,7555,173591,8074,394
fluff,2/20/21,1.22,60,671,16706,777,170
sprinkles,2/20/21,1.8,88,10028,283800,13200,1105
cutie,2/21/21,1.19,58,6796,146114,6796,337
fluff,2/21/21,1.44,71,419,11546,537,84
sprinkles,2/21/21,1.97,97,12511,421680,19613,933
cutie,2/22/21,1.13,55,8191,168624,7843,477
fluff,2/22/21,1.19,58,4,129,6,3
sprinkles,2/22/21,1.29,63,8784,186319,8666,776
cutie,2/23/21,1.28,63,8541,201304,9363,461
fluff,2/23/21,1.17,58,82,1784,83,14
sprinkles,2/23/21,1.65,81,10708,305064,14189,1115
cutie,2/24/21,1.28,63,10496,241961,11254,558
sprinkles,2/24/21,1.58,78,5325,133880,6227,790
cutie,2/25/21,1.35,66,9349,226610,10540,372
sprinkles,2/25/21,1.52,75,6220,160175,7450,550
cutie,2/26/21,1.28,63,7529,169420,7880,341
fluff,2/26/21,0.93,46,23,580,27,12
sprinkles,2/26/21,1.77,87,11714,350170,16287,1121
cutie,2/27/21,1.38,68,9351,230544,10723,412
sprinkles,2/27/21,1.86,91,11395,389902,18135,795
cutie,2/28/21,1.35,66,8509,209174,9729,309
fluff,2/28/21,1.11,55,134,3204,149,41
sprinkles,2/28/21,1.7,84,11078,347246,16151,791
cutie,3/1/21,1.31,64,7221,164217,7638,375
fluff,3/1/21,1.84,90,336,12513,582,126
sprinkles,3/1/21,1.19,59,5919,118465,5510,811
cutie,3/2/21,1.12,55,2559,53363,2482,150
fluff,3/2/21,1.65,81,493,16684,776,200
sprinkles,3/2/21,1.27,62,8695,171376,7971,1272
cutie,3/3/21,1.37,67,10654,262236,12197,586
fluff,3/3/21,1.46,72,486,13459,626,137
sprinkles,3/3/21,1.64,80,10236,256581,11934,1363
cutie,3/4/21,1.32,65,6358,149554,6956,292
fluff,3/4/21,1.71,84,32,1032,48,10
sprinkles,3/4/21,1.41,69,9141,200316,9317,1035
cutie,3/5/21,1.37,67,8819,210550,9793,458
fluff,3/5/21,1.56,77,589,17802,828,112
sprinkles,3/5/21,1.69,83,8355,220418,10252,922
cutie,3/6/21,1.12,55,9743,198166,9217,361
fluff,3/6/21,1.52,75,60,1720,80,17
sprinkles,3/6/21,1.92,94,9428,288143,13402,875
cutie,3/7/21,1.22,60,9477,205132,9541,391
fluff,3/7/21,1.53,75,229,6644,309,47
sprinkles,3/7/21,1.61,79,8755,221235,10290,922
cutie,3/8/21,1.3,64,8669,199800,9293,468
fluff,3/8/21,1.26,62,16,452,21,7
sprinkles,3/8/21,1.54,76,10147,239467,11138,1223
cutie,3/9/21,1.22,60,191,4386,204,10
fluff,3/9/21,1.31,64,113,2946,137,26
sprinkles,3/9/21,1.82,89,2544,70262,3268,262